-- NOTE: All user passwords are P@ssword1
  
INSERT INTO PUBLIC.JURISDICTION(ID, NAME, TYPE) VALUES
(4, 'State', 'STATEWIDE'),
(8, 'Perelandra', 'COUNTY'); 

INSERT INTO PUBLIC.ORGANIZATION(ID, ENABLED, NAME, PASSKEY, TYPE, JURISDICTION_ID) VALUES
(3, TRUE, 'Perelandra Police Department', '@33q$CbcFvqh', 'LAW_ENFORCEMENT', 8),
(5, TRUE, 'State Forensic Lab', '^6z_Gy3kT', 'LAB', 4),
(6, TRUE, 'Perelandra City Hospital', '=jz1daR$6Fg', 'MEDICAL', 8),
(7, TRUE, 'Perelandra County Prosecutor', 'Anrv5bzaZ9@s+', 'LEGAL', 8); 

INSERT INTO PUBLIC.USER_ACCOUNT(TYPE, ID, DISPLAY_NAME, EMAIL, ENABLED, PASSWORD, PHONE, USERNAME, INCOMING_KIT_EMAIL, ORGANIZATION_ADMIN, ORGANIZATION_CONTACT, PASSKEY, SEND_USER_EMAIL, VERIFIED_DATE, SEND_ATTORNEY_REVIEWED_EMAIL, ORGANIZATION_ID) VALUES
('Medical', 9, 'Medical User', 'medical.user@email.com', TRUE, '$2a$10$JHob5T41VnRibrGAfgcWQO9.Ub3GBR0yoL5b0APg5HfBW4kjuib8K', '123-456-7890', 'medical', TRUE, TRUE, FALSE, '=jz1daR$6Fg', TRUE, DATE '2018-11-16', NULL, 6),
('Legal', 10, 'Legal User', 'legal.user@email.com', TRUE, '$2a$10$wDf8h.sYAtw6iSWj1USviePEtvhT3Xg2hTzWTAc8tJJrsVJFRRIrO', '123-456-7890', 'legal', TRUE, TRUE, FALSE, 'Anrv5bzaZ9@s+', TRUE, DATE '2018-11-16', NULL, 7),
('Lab', 11, 'Lab User', 'lab.user@email.com', TRUE, '$2a$10$qIfplu.hu2xNNfFQBRoGwup0uQa2uWjXqU/BoINW3eb58sEUzvR0O', '123-456-7890', 'lab', TRUE, TRUE, FALSE, '^6z_Gy3kT', TRUE, DATE '2018-11-16', NULL, 5),
('Law Enforcement', 12, 'Law User', 'law.user@email.com', TRUE, '$2a$10$wJ/qOn4fpmNThs2Mj4vhPu/X7P4GNPMmSxOeBT7WYKPC5KlCmMLDC', '123-456-7890', 'law', TRUE, TRUE, FALSE, '@33q$CbcFvqh', TRUE, DATE '2018-11-16', TRUE, 3),
('Admin', 15, 'Admin User', 'admin.user@email.com', TRUE, '$2a$10$pspYAz23GTxz2.HFmy2dQutKdmwvoTiD7gLm5gE.CGFjTVE18Or1.', '123-456-7890', 'administrator', NULL, NULL, NULL, NULL, NULL, NULL, NULL, NULL);          


INSERT INTO PUBLIC.MEDICAL_DETAILS(ID, COLLECTION_DATE, VICTIM_TYPE, REQUESTING_ORGANIZATION_ID) VALUES
(21, DATE '2018-11-05', 'ANONYMOUS', 3),
(27, NULL, NULL, NULL),
(33, NULL, NULL, NULL),
(39, NULL, NULL, NULL),
(45, NULL, NULL, NULL),
(51, NULL, NULL, NULL),
(57, NULL, NULL, NULL),
(63, NULL, NULL, NULL),
(69, NULL, NULL, NULL),
(75, NULL, NULL, NULL),
(81, NULL, NULL, NULL),
(87, NULL, NULL, NULL),
(93, NULL, NULL, NULL),
(99, NULL, NULL, NULL),
(105, NULL, NULL, NULL),
(111, NULL, NULL, NULL),
(117, NULL, NULL, NULL),
(123, NULL, NULL, NULL),
(129, NULL, NULL, NULL),
(135, NULL, NULL, NULL),
(141, NULL, NULL, NULL),
(147, NULL, NULL, NULL),
(153, NULL, NULL, NULL),
(159, NULL, NULL, NULL),
(165, NULL, NULL, NULL),
(171, NULL, NULL, NULL),
(177, NULL, NULL, NULL),
(183, NULL, NULL, NULL),
(189, NULL, NULL, NULL),
(195, NULL, NULL, NULL),
(201, NULL, NULL, NULL),
(207, NULL, NULL, NULL),
(213, NULL, NULL, NULL),
(219, NULL, NULL, NULL),
(225, NULL, NULL, NULL),
(231, NULL, NULL, NULL),
(237, NULL, NULL, NULL),
(243, NULL, NULL, NULL),
(249, NULL, NULL, NULL),
(255, NULL, NULL, NULL),
(261, NULL, NULL, NULL),
(267, NULL, NULL, NULL),
(273, NULL, NULL, NULL),
(279, NULL, NULL, NULL),
(285, NULL, NULL, NULL),
(291, NULL, NULL, NULL),
(297, NULL, NULL, NULL),
(303, NULL, NULL, NULL),
(309, NULL, NULL, NULL),
(315, NULL, NULL, NULL),
(321, NULL, NULL, NULL),
(327, NULL, NULL, NULL),
(333, NULL, NULL, NULL),
(339, NULL, NULL, NULL),
(345, NULL, NULL, NULL),
(351, NULL, NULL, NULL),
(357, NULL, NULL, NULL),
(363, NULL, NULL, NULL),
(369, NULL, NULL, NULL),
(375, NULL, NULL, NULL),
(381, NULL, NULL, NULL),
(387, NULL, NULL, NULL),
(393, NULL, NULL, NULL),
(399, NULL, NULL, NULL),
(405, NULL, NULL, NULL),
(411, NULL, NULL, NULL),
(417, NULL, NULL, NULL),
(423, NULL, NULL, NULL),
(429, NULL, NULL, NULL),
(435, NULL, NULL, NULL),
(441, NULL, NULL, NULL),
(447, NULL, NULL, NULL),
(453, NULL, NULL, NULL),
(459, NULL, NULL, NULL),
(465, NULL, NULL, NULL),
(471, NULL, NULL, NULL),
(477, NULL, NULL, NULL),
(483, NULL, NULL, NULL),
(489, NULL, NULL, NULL),
(495, NULL, NULL, NULL),
(501, NULL, NULL, NULL),
(507, NULL, NULL, NULL),
(513, NULL, NULL, NULL),
(519, NULL, NULL, NULL),
(525, NULL, NULL, NULL),
(531, NULL, NULL, NULL),
(537, NULL, NULL, NULL),
(543, NULL, NULL, NULL),
(549, NULL, NULL, NULL),
(555, NULL, NULL, NULL),
(561, NULL, NULL, NULL),
(567, NULL, NULL, NULL),
(573, NULL, NULL, NULL),
(579, NULL, NULL, NULL),
(585, NULL, NULL, NULL),
(591, NULL, NULL, NULL),
(597, NULL, NULL, NULL),
(603, NULL, NULL, NULL),
(609, NULL, NULL, NULL),
(615, NULL, NULL, NULL); 

INSERT INTO PUBLIC.LEGAL_DETAILS(ID, NON_SUBMISSION_REASON, PROSECUTOR_AGREES, PROSECUTOR_NOTES, RELEASED_FOR_REVIEW, REVIEW_FINALIZED, REVIEWING_PROSECUTOR, REVIEWING_PROSECUTOR_ORG_ID) VALUES
(20, NULL, NULL, NULL, NULL, NULL, NULL, NULL),
(26, NULL, NULL, NULL, NULL, NULL, NULL, NULL),
(32, NULL, NULL, NULL, NULL, NULL, NULL, NULL),
(38, NULL, NULL, NULL, NULL, NULL, NULL, NULL),
(44, NULL, NULL, NULL, NULL, NULL, NULL, NULL),
(50, NULL, NULL, NULL, NULL, NULL, NULL, NULL),
(56, NULL, NULL, NULL, NULL, NULL, NULL, NULL),
(62, NULL, NULL, NULL, NULL, NULL, NULL, NULL),
(68, NULL, NULL, NULL, NULL, NULL, NULL, NULL),
(74, NULL, NULL, NULL, NULL, NULL, NULL, NULL),
(80, NULL, NULL, NULL, NULL, NULL, NULL, NULL),
(86, NULL, NULL, NULL, NULL, NULL, NULL, NULL),
(92, NULL, NULL, NULL, NULL, NULL, NULL, NULL),
(98, NULL, NULL, NULL, NULL, NULL, NULL, NULL),
(104, NULL, NULL, NULL, NULL, NULL, NULL, NULL),
(110, NULL, NULL, NULL, NULL, NULL, NULL, NULL),
(116, NULL, NULL, NULL, NULL, NULL, NULL, NULL),
(122, NULL, NULL, NULL, NULL, NULL, NULL, NULL),
(128, NULL, NULL, NULL, NULL, NULL, NULL, NULL),
(134, NULL, NULL, NULL, NULL, NULL, NULL, NULL),
(140, NULL, NULL, NULL, NULL, NULL, NULL, NULL),
(146, NULL, NULL, NULL, NULL, NULL, NULL, NULL),
(152, NULL, NULL, NULL, NULL, NULL, NULL, NULL),
(158, NULL, NULL, NULL, NULL, NULL, NULL, NULL),
(164, NULL, NULL, NULL, NULL, NULL, NULL, NULL),
(170, NULL, NULL, NULL, NULL, NULL, NULL, NULL),
(176, NULL, NULL, NULL, NULL, NULL, NULL, NULL),
(182, NULL, NULL, NULL, NULL, NULL, NULL, NULL),
(188, NULL, NULL, NULL, NULL, NULL, NULL, NULL),
(194, NULL, NULL, NULL, NULL, NULL, NULL, NULL),
(200, NULL, NULL, NULL, NULL, NULL, NULL, NULL),
(206, NULL, NULL, NULL, NULL, NULL, NULL, NULL),
(212, NULL, NULL, NULL, NULL, NULL, NULL, NULL),
(218, NULL, NULL, NULL, NULL, NULL, NULL, NULL),
(224, NULL, NULL, NULL, NULL, NULL, NULL, NULL),
(230, NULL, NULL, NULL, NULL, NULL, NULL, NULL),
(236, NULL, NULL, NULL, NULL, NULL, NULL, NULL),
(242, NULL, NULL, NULL, NULL, NULL, NULL, NULL),
(248, NULL, NULL, NULL, NULL, NULL, NULL, NULL),
(254, NULL, NULL, NULL, NULL, NULL, NULL, NULL),
(260, NULL, NULL, NULL, NULL, NULL, NULL, NULL),
(266, NULL, NULL, NULL, NULL, NULL, NULL, NULL),
(272, NULL, NULL, NULL, NULL, NULL, NULL, NULL),
(278, NULL, NULL, NULL, NULL, NULL, NULL, NULL),
(284, NULL, NULL, NULL, NULL, NULL, NULL, NULL),
(290, NULL, NULL, NULL, NULL, NULL, NULL, NULL),
(296, NULL, NULL, NULL, NULL, NULL, NULL, NULL),
(302, NULL, NULL, NULL, NULL, NULL, NULL, NULL),
(308, NULL, NULL, NULL, NULL, NULL, NULL, NULL),
(314, NULL, NULL, NULL, NULL, NULL, NULL, NULL),
(320, NULL, NULL, NULL, NULL, NULL, NULL, NULL),
(326, NULL, NULL, NULL, NULL, NULL, NULL, NULL),
(332, NULL, NULL, NULL, NULL, NULL, NULL, NULL),
(338, NULL, NULL, NULL, NULL, NULL, NULL, NULL),
(344, NULL, NULL, NULL, NULL, NULL, NULL, NULL),
(350, NULL, NULL, NULL, NULL, NULL, NULL, NULL),
(356, NULL, NULL, NULL, NULL, NULL, NULL, NULL),
(362, NULL, NULL, NULL, NULL, NULL, NULL, NULL),
(368, NULL, NULL, NULL, NULL, NULL, NULL, NULL),
(374, NULL, NULL, NULL, NULL, NULL, NULL, NULL),
(380, NULL, NULL, NULL, NULL, NULL, NULL, NULL),
(386, NULL, NULL, NULL, NULL, NULL, NULL, NULL),
(392, NULL, NULL, NULL, NULL, NULL, NULL, NULL),
(398, NULL, NULL, NULL, NULL, NULL, NULL, NULL),
(404, NULL, NULL, NULL, NULL, NULL, NULL, NULL),
(410, NULL, NULL, NULL, NULL, NULL, NULL, NULL),
(416, NULL, NULL, NULL, NULL, NULL, NULL, NULL),
(422, NULL, NULL, NULL, NULL, NULL, NULL, NULL),
(428, NULL, NULL, NULL, NULL, NULL, NULL, NULL),
(434, NULL, NULL, NULL, NULL, NULL, NULL, NULL),
(440, NULL, NULL, NULL, NULL, NULL, NULL, NULL),
(446, NULL, NULL, NULL, NULL, NULL, NULL, NULL),
(452, NULL, NULL, NULL, NULL, NULL, NULL, NULL),
(458, NULL, NULL, NULL, NULL, NULL, NULL, NULL),
(464, NULL, NULL, NULL, NULL, NULL, NULL, NULL),
(470, NULL, NULL, NULL, NULL, NULL, NULL, NULL),
(476, NULL, NULL, NULL, NULL, NULL, NULL, NULL),
(482, NULL, NULL, NULL, NULL, NULL, NULL, NULL),
(488, NULL, NULL, NULL, NULL, NULL, NULL, NULL),
(494, NULL, NULL, NULL, NULL, NULL, NULL, NULL);           
INSERT INTO PUBLIC.LEGAL_DETAILS(ID, NON_SUBMISSION_REASON, PROSECUTOR_AGREES, PROSECUTOR_NOTES, RELEASED_FOR_REVIEW, REVIEW_FINALIZED, REVIEWING_PROSECUTOR, REVIEWING_PROSECUTOR_ORG_ID) VALUES
(500, NULL, NULL, NULL, NULL, NULL, NULL, NULL),
(506, NULL, NULL, NULL, NULL, NULL, NULL, NULL),
(512, NULL, NULL, NULL, NULL, NULL, NULL, NULL),
(518, NULL, NULL, NULL, NULL, NULL, NULL, NULL),
(524, NULL, NULL, NULL, NULL, NULL, NULL, NULL),
(530, NULL, NULL, NULL, NULL, NULL, NULL, NULL),
(536, NULL, NULL, NULL, NULL, NULL, NULL, NULL),
(542, NULL, NULL, NULL, NULL, NULL, NULL, NULL),
(548, NULL, NULL, NULL, NULL, NULL, NULL, NULL),
(554, NULL, NULL, NULL, NULL, NULL, NULL, NULL),
(560, NULL, NULL, NULL, NULL, NULL, NULL, NULL),
(566, NULL, NULL, NULL, NULL, NULL, NULL, NULL),
(572, NULL, NULL, NULL, NULL, NULL, NULL, NULL),
(578, NULL, NULL, NULL, NULL, NULL, NULL, NULL),
(584, NULL, NULL, NULL, NULL, NULL, NULL, NULL),
(590, NULL, NULL, NULL, NULL, NULL, NULL, NULL),
(596, NULL, NULL, NULL, NULL, NULL, NULL, NULL),
(602, NULL, NULL, NULL, NULL, NULL, NULL, NULL),
(608, NULL, NULL, NULL, NULL, NULL, NULL, NULL),
(614, NULL, NULL, NULL, NULL, NULL, NULL, NULL); 

INSERT INTO PUBLIC.LAW_ENFORCEMENT_DETAILS(ID, CASE_NUMBER, CRIME, CRIME_DATE, INVESTIGATOR, MEETS_SUBMISSION_CRITERIA, NON_SUBMISSION_REASON, OUTSOURCED_LAB_NAME, PLANNED_DESTRUCTION_DATE, DESTRUCT_NOTIFICATION_REQ) VALUES
(19, '1234', 'Rape', DATE '2018-10-16', 'Sgt. Columbo', TRUE, NULL, NULL, NULL, FALSE),
(25, NULL, NULL, NULL, NULL, NULL, NULL, NULL, NULL, NULL),
(31, NULL, NULL, NULL, NULL, NULL, NULL, NULL, NULL, NULL),
(37, NULL, NULL, NULL, NULL, NULL, NULL, NULL, NULL, NULL),
(43, NULL, NULL, NULL, NULL, NULL, NULL, NULL, NULL, NULL),
(49, NULL, NULL, NULL, NULL, NULL, NULL, NULL, NULL, NULL),
(55, NULL, NULL, NULL, NULL, NULL, NULL, NULL, NULL, NULL),
(61, NULL, NULL, NULL, NULL, NULL, NULL, NULL, NULL, NULL),
(67, NULL, NULL, NULL, NULL, NULL, NULL, NULL, NULL, NULL),
(73, NULL, NULL, NULL, NULL, NULL, NULL, NULL, NULL, NULL),
(79, NULL, NULL, NULL, NULL, NULL, NULL, NULL, NULL, NULL),
(85, NULL, NULL, NULL, NULL, NULL, NULL, NULL, NULL, NULL),
(91, NULL, NULL, NULL, NULL, NULL, NULL, NULL, NULL, NULL),
(97, NULL, NULL, NULL, NULL, NULL, NULL, NULL, NULL, NULL),
(103, NULL, NULL, NULL, NULL, NULL, NULL, NULL, NULL, NULL),
(109, NULL, NULL, NULL, NULL, NULL, NULL, NULL, NULL, NULL),
(115, NULL, NULL, NULL, NULL, NULL, NULL, NULL, NULL, NULL),
(121, NULL, NULL, NULL, NULL, NULL, NULL, NULL, NULL, NULL),
(127, NULL, NULL, NULL, NULL, NULL, NULL, NULL, NULL, NULL),
(133, NULL, NULL, NULL, NULL, NULL, NULL, NULL, NULL, NULL),
(139, NULL, NULL, NULL, NULL, NULL, NULL, NULL, NULL, NULL),
(145, NULL, NULL, NULL, NULL, NULL, NULL, NULL, NULL, NULL),
(151, NULL, NULL, NULL, NULL, NULL, NULL, NULL, NULL, NULL),
(157, NULL, NULL, NULL, NULL, NULL, NULL, NULL, NULL, NULL),
(163, NULL, NULL, NULL, NULL, NULL, NULL, NULL, NULL, NULL),
(169, NULL, NULL, NULL, NULL, NULL, NULL, NULL, NULL, NULL),
(175, NULL, NULL, NULL, NULL, NULL, NULL, NULL, NULL, NULL),
(181, NULL, NULL, NULL, NULL, NULL, NULL, NULL, NULL, NULL),
(187, NULL, NULL, NULL, NULL, NULL, NULL, NULL, NULL, NULL),
(193, NULL, NULL, NULL, NULL, NULL, NULL, NULL, NULL, NULL),
(199, NULL, NULL, NULL, NULL, NULL, NULL, NULL, NULL, NULL),
(205, NULL, NULL, NULL, NULL, NULL, NULL, NULL, NULL, NULL),
(211, NULL, NULL, NULL, NULL, NULL, NULL, NULL, NULL, NULL),
(217, NULL, NULL, NULL, NULL, NULL, NULL, NULL, NULL, NULL),
(223, NULL, NULL, NULL, NULL, NULL, NULL, NULL, NULL, NULL),
(229, NULL, NULL, NULL, NULL, NULL, NULL, NULL, NULL, NULL),
(235, NULL, NULL, NULL, NULL, NULL, NULL, NULL, NULL, NULL),
(241, NULL, NULL, NULL, NULL, NULL, NULL, NULL, NULL, NULL),
(247, NULL, NULL, NULL, NULL, NULL, NULL, NULL, NULL, NULL),
(253, NULL, NULL, NULL, NULL, NULL, NULL, NULL, NULL, NULL),
(259, NULL, NULL, NULL, NULL, NULL, NULL, NULL, NULL, NULL),
(265, NULL, NULL, NULL, NULL, NULL, NULL, NULL, NULL, NULL),
(271, NULL, NULL, NULL, NULL, NULL, NULL, NULL, NULL, NULL),
(277, NULL, NULL, NULL, NULL, NULL, NULL, NULL, NULL, NULL),
(283, NULL, NULL, NULL, NULL, NULL, NULL, NULL, NULL, NULL),
(289, NULL, NULL, NULL, NULL, NULL, NULL, NULL, NULL, NULL),
(295, NULL, NULL, NULL, NULL, NULL, NULL, NULL, NULL, NULL),
(301, NULL, NULL, NULL, NULL, NULL, NULL, NULL, NULL, NULL),
(307, NULL, NULL, NULL, NULL, NULL, NULL, NULL, NULL, NULL),
(313, NULL, NULL, NULL, NULL, NULL, NULL, NULL, NULL, NULL),
(319, NULL, NULL, NULL, NULL, NULL, NULL, NULL, NULL, NULL),
(325, NULL, NULL, NULL, NULL, NULL, NULL, NULL, NULL, NULL),
(331, NULL, NULL, NULL, NULL, NULL, NULL, NULL, NULL, NULL),
(337, NULL, NULL, NULL, NULL, NULL, NULL, NULL, NULL, NULL),
(343, NULL, NULL, NULL, NULL, NULL, NULL, NULL, NULL, NULL),
(349, NULL, NULL, NULL, NULL, NULL, NULL, NULL, NULL, NULL),
(355, NULL, NULL, NULL, NULL, NULL, NULL, NULL, NULL, NULL),
(361, NULL, NULL, NULL, NULL, NULL, NULL, NULL, NULL, NULL),
(367, NULL, NULL, NULL, NULL, NULL, NULL, NULL, NULL, NULL),
(373, NULL, NULL, NULL, NULL, NULL, NULL, NULL, NULL, NULL),
(379, NULL, NULL, NULL, NULL, NULL, NULL, NULL, NULL, NULL),
(385, NULL, NULL, NULL, NULL, NULL, NULL, NULL, NULL, NULL),
(391, NULL, NULL, NULL, NULL, NULL, NULL, NULL, NULL, NULL),
(397, NULL, NULL, NULL, NULL, NULL, NULL, NULL, NULL, NULL); 
INSERT INTO PUBLIC.LAW_ENFORCEMENT_DETAILS(ID, CASE_NUMBER, CRIME, CRIME_DATE, INVESTIGATOR, MEETS_SUBMISSION_CRITERIA, NON_SUBMISSION_REASON, OUTSOURCED_LAB_NAME, PLANNED_DESTRUCTION_DATE, DESTRUCT_NOTIFICATION_REQ) VALUES
(403, NULL, NULL, NULL, NULL, NULL, NULL, NULL, NULL, NULL),
(409, NULL, NULL, NULL, NULL, NULL, NULL, NULL, NULL, NULL),
(415, NULL, NULL, NULL, NULL, NULL, NULL, NULL, NULL, NULL),
(421, NULL, NULL, NULL, NULL, NULL, NULL, NULL, NULL, NULL),
(427, NULL, NULL, NULL, NULL, NULL, NULL, NULL, NULL, NULL),
(433, NULL, NULL, NULL, NULL, NULL, NULL, NULL, NULL, NULL),
(439, NULL, NULL, NULL, NULL, NULL, NULL, NULL, NULL, NULL),
(445, NULL, NULL, NULL, NULL, NULL, NULL, NULL, NULL, NULL),
(451, NULL, NULL, NULL, NULL, NULL, NULL, NULL, NULL, NULL),
(457, NULL, NULL, NULL, NULL, NULL, NULL, NULL, NULL, NULL),
(463, NULL, NULL, NULL, NULL, NULL, NULL, NULL, NULL, NULL),
(469, NULL, NULL, NULL, NULL, NULL, NULL, NULL, NULL, NULL),
(475, NULL, NULL, NULL, NULL, NULL, NULL, NULL, NULL, NULL),
(481, NULL, NULL, NULL, NULL, NULL, NULL, NULL, NULL, NULL),
(487, NULL, NULL, NULL, NULL, NULL, NULL, NULL, NULL, NULL),
(493, NULL, NULL, NULL, NULL, NULL, NULL, NULL, NULL, NULL),
(499, NULL, NULL, NULL, NULL, NULL, NULL, NULL, NULL, NULL),
(505, NULL, NULL, NULL, NULL, NULL, NULL, NULL, NULL, NULL),
(511, NULL, NULL, NULL, NULL, NULL, NULL, NULL, NULL, NULL),
(517, NULL, NULL, NULL, NULL, NULL, NULL, NULL, NULL, NULL),
(523, NULL, NULL, NULL, NULL, NULL, NULL, NULL, NULL, NULL),
(529, NULL, NULL, NULL, NULL, NULL, NULL, NULL, NULL, NULL),
(535, NULL, NULL, NULL, NULL, NULL, NULL, NULL, NULL, NULL),
(541, NULL, NULL, NULL, NULL, NULL, NULL, NULL, NULL, NULL),
(547, NULL, NULL, NULL, NULL, NULL, NULL, NULL, NULL, NULL),
(553, NULL, NULL, NULL, NULL, NULL, NULL, NULL, NULL, NULL),
(559, NULL, NULL, NULL, NULL, NULL, NULL, NULL, NULL, NULL),
(565, NULL, NULL, NULL, NULL, NULL, NULL, NULL, NULL, NULL),
(571, NULL, NULL, NULL, NULL, NULL, NULL, NULL, NULL, NULL),
(577, NULL, NULL, NULL, NULL, NULL, NULL, NULL, NULL, NULL),
(583, NULL, NULL, NULL, NULL, NULL, NULL, NULL, NULL, NULL),
(589, NULL, NULL, NULL, NULL, NULL, NULL, NULL, NULL, NULL),
(595, NULL, NULL, NULL, NULL, NULL, NULL, NULL, NULL, NULL),
(601, NULL, NULL, NULL, NULL, NULL, NULL, NULL, NULL, NULL),
(607, NULL, NULL, NULL, NULL, NULL, NULL, NULL, NULL, NULL),
(613, NULL, NULL, NULL, NULL, NULL, NULL, NULL, NULL, NULL); 

INSERT INTO PUBLIC.LAB_DETAILS(ID, CASE_NUMBER, DATE_COMPLETED, DNA_DATABASE_ENTRY, DNA_DATABASE_ENTRY_DATE, DNA_DATABASE_HIT_DATE, EXPUNGED_DATE, REQUESTING_ORGANIZATION_ID) VALUES
(18, NULL, NULL, NULL, NULL, NULL, NULL, 3),
(24, NULL, NULL, NULL, NULL, NULL, NULL, NULL),
(30, NULL, NULL, NULL, NULL, NULL, NULL, NULL),
(36, NULL, NULL, NULL, NULL, NULL, NULL, NULL),
(42, NULL, NULL, NULL, NULL, NULL, NULL, NULL),
(48, NULL, NULL, NULL, NULL, NULL, NULL, NULL),
(54, NULL, NULL, NULL, NULL, NULL, NULL, NULL),
(60, NULL, NULL, NULL, NULL, NULL, NULL, NULL),
(66, NULL, NULL, NULL, NULL, NULL, NULL, NULL),
(72, NULL, NULL, NULL, NULL, NULL, NULL, NULL),
(78, NULL, NULL, NULL, NULL, NULL, NULL, NULL),
(84, NULL, NULL, NULL, NULL, NULL, NULL, NULL),
(90, NULL, NULL, NULL, NULL, NULL, NULL, NULL),
(96, NULL, NULL, NULL, NULL, NULL, NULL, NULL),
(102, NULL, NULL, NULL, NULL, NULL, NULL, NULL),
(108, NULL, NULL, NULL, NULL, NULL, NULL, NULL),
(114, NULL, NULL, NULL, NULL, NULL, NULL, NULL),
(120, NULL, NULL, NULL, NULL, NULL, NULL, NULL),
(126, NULL, NULL, NULL, NULL, NULL, NULL, NULL),
(132, NULL, NULL, NULL, NULL, NULL, NULL, NULL),
(138, NULL, NULL, NULL, NULL, NULL, NULL, NULL),
(144, NULL, NULL, NULL, NULL, NULL, NULL, NULL),
(150, NULL, NULL, NULL, NULL, NULL, NULL, NULL),
(156, NULL, NULL, NULL, NULL, NULL, NULL, NULL),
(162, NULL, NULL, NULL, NULL, NULL, NULL, NULL),
(168, NULL, NULL, NULL, NULL, NULL, NULL, NULL),
(174, NULL, NULL, NULL, NULL, NULL, NULL, NULL),
(180, NULL, NULL, NULL, NULL, NULL, NULL, NULL),
(186, NULL, NULL, NULL, NULL, NULL, NULL, NULL),
(192, NULL, NULL, NULL, NULL, NULL, NULL, NULL),
(198, NULL, NULL, NULL, NULL, NULL, NULL, NULL),
(204, NULL, NULL, NULL, NULL, NULL, NULL, NULL),
(210, NULL, NULL, NULL, NULL, NULL, NULL, NULL),
(216, NULL, NULL, NULL, NULL, NULL, NULL, NULL),
(222, NULL, NULL, NULL, NULL, NULL, NULL, NULL),
(228, NULL, NULL, NULL, NULL, NULL, NULL, NULL),
(234, NULL, NULL, NULL, NULL, NULL, NULL, NULL),
(240, NULL, NULL, NULL, NULL, NULL, NULL, NULL),
(246, NULL, NULL, NULL, NULL, NULL, NULL, NULL),
(252, NULL, NULL, NULL, NULL, NULL, NULL, NULL),
(258, NULL, NULL, NULL, NULL, NULL, NULL, NULL),
(264, NULL, NULL, NULL, NULL, NULL, NULL, NULL),
(270, NULL, NULL, NULL, NULL, NULL, NULL, NULL),
(276, NULL, NULL, NULL, NULL, NULL, NULL, NULL),
(282, NULL, NULL, NULL, NULL, NULL, NULL, NULL),
(288, NULL, NULL, NULL, NULL, NULL, NULL, NULL),
(294, NULL, NULL, NULL, NULL, NULL, NULL, NULL),
(300, NULL, NULL, NULL, NULL, NULL, NULL, NULL),
(306, NULL, NULL, NULL, NULL, NULL, NULL, NULL),
(312, NULL, NULL, NULL, NULL, NULL, NULL, NULL),
(318, NULL, NULL, NULL, NULL, NULL, NULL, NULL),
(324, NULL, NULL, NULL, NULL, NULL, NULL, NULL),
(330, NULL, NULL, NULL, NULL, NULL, NULL, NULL),
(336, NULL, NULL, NULL, NULL, NULL, NULL, NULL),
(342, NULL, NULL, NULL, NULL, NULL, NULL, NULL),
(348, NULL, NULL, NULL, NULL, NULL, NULL, NULL),
(354, NULL, NULL, NULL, NULL, NULL, NULL, NULL),
(360, NULL, NULL, NULL, NULL, NULL, NULL, NULL),
(366, NULL, NULL, NULL, NULL, NULL, NULL, NULL),
(372, NULL, NULL, NULL, NULL, NULL, NULL, NULL),
(378, NULL, NULL, NULL, NULL, NULL, NULL, NULL),
(384, NULL, NULL, NULL, NULL, NULL, NULL, NULL),
(390, NULL, NULL, NULL, NULL, NULL, NULL, NULL),
(396, NULL, NULL, NULL, NULL, NULL, NULL, NULL),
(402, NULL, NULL, NULL, NULL, NULL, NULL, NULL),
(408, NULL, NULL, NULL, NULL, NULL, NULL, NULL),
(414, NULL, NULL, NULL, NULL, NULL, NULL, NULL),
(420, NULL, NULL, NULL, NULL, NULL, NULL, NULL),
(426, NULL, NULL, NULL, NULL, NULL, NULL, NULL),
(432, NULL, NULL, NULL, NULL, NULL, NULL, NULL),
(438, NULL, NULL, NULL, NULL, NULL, NULL, NULL),
(444, NULL, NULL, NULL, NULL, NULL, NULL, NULL),
(450, NULL, NULL, NULL, NULL, NULL, NULL, NULL),
(456, NULL, NULL, NULL, NULL, NULL, NULL, NULL),
(462, NULL, NULL, NULL, NULL, NULL, NULL, NULL),
(468, NULL, NULL, NULL, NULL, NULL, NULL, NULL),
(474, NULL, NULL, NULL, NULL, NULL, NULL, NULL),
(480, NULL, NULL, NULL, NULL, NULL, NULL, NULL),
(486, NULL, NULL, NULL, NULL, NULL, NULL, NULL),
(492, NULL, NULL, NULL, NULL, NULL, NULL, NULL),
(498, NULL, NULL, NULL, NULL, NULL, NULL, NULL);        
INSERT INTO PUBLIC.LAB_DETAILS(ID, CASE_NUMBER, DATE_COMPLETED, DNA_DATABASE_ENTRY, DNA_DATABASE_ENTRY_DATE, DNA_DATABASE_HIT_DATE, EXPUNGED_DATE, REQUESTING_ORGANIZATION_ID) VALUES
(504, NULL, NULL, NULL, NULL, NULL, NULL, NULL),
(510, NULL, NULL, NULL, NULL, NULL, NULL, NULL),
(516, NULL, NULL, NULL, NULL, NULL, NULL, NULL),
(522, NULL, NULL, NULL, NULL, NULL, NULL, NULL),
(528, NULL, NULL, NULL, NULL, NULL, NULL, NULL),
(534, NULL, NULL, NULL, NULL, NULL, NULL, NULL),
(540, NULL, NULL, NULL, NULL, NULL, NULL, NULL),
(546, NULL, NULL, NULL, NULL, NULL, NULL, NULL),
(552, NULL, NULL, NULL, NULL, NULL, NULL, NULL),
(558, NULL, NULL, NULL, NULL, NULL, NULL, NULL),
(564, NULL, NULL, NULL, NULL, NULL, NULL, NULL),
(570, NULL, NULL, NULL, NULL, NULL, NULL, NULL),
(576, NULL, NULL, NULL, NULL, NULL, NULL, NULL),
(582, NULL, NULL, NULL, NULL, NULL, NULL, NULL),
(588, NULL, NULL, NULL, NULL, NULL, NULL, NULL),
(594, NULL, NULL, NULL, NULL, NULL, NULL, NULL),
(600, NULL, NULL, NULL, NULL, NULL, NULL, NULL),
(606, NULL, NULL, NULL, NULL, NULL, NULL, NULL),
(612, NULL, NULL, NULL, NULL, NULL, NULL, NULL); 

INSERT INTO PUBLIC.SEXUAL_ASSAULT_KIT(ID, EXPIRATION_DATE, LAST_MODIFIED, LAST_MODIFIED_BY, QUESTIONABLE_EVENTS, SERIAL_NUMBER, ORGANIZATION_ID, LAB_DETAILS_ID, LE_DETAILS_ID, LEGAL_DETAILS_ID, MEDICAL_DETAILS_ID) VALUES
(17, DATE '2020-11-01', TIMESTAMP '2018-11-16 17:44:34.705517', 'lab', FALSE, '00001', 5, 18, 19, 20, 21),
(23, DATE '2020-11-01', TIMESTAMP '2018-11-16 17:41:43.147275', 'medical', FALSE, '00002', 6, 24, 25, 26, 27),
(29, DATE '2020-11-01', TIMESTAMP '2018-11-16 17:41:43.147775', 'medical', FALSE, '00003', 6, 30, 31, 32, 33),
(35, DATE '2020-11-01', TIMESTAMP '2018-11-16 17:41:43.148275', 'medical', FALSE, '00004', 6, 36, 37, 38, 39),
(41, DATE '2020-11-01', TIMESTAMP '2018-11-16 17:41:43.148275', 'medical', FALSE, '00005', 6, 42, 43, 44, 45),
(47, DATE '2020-11-01', TIMESTAMP '2018-11-16 17:41:43.148776', 'medical', FALSE, '00006', 6, 48, 49, 50, 51),
(53, DATE '2020-11-01', TIMESTAMP '2018-11-16 17:41:43.149276', 'medical', FALSE, '00007', 6, 54, 55, 56, 57),
(59, DATE '2020-11-01', TIMESTAMP '2018-11-16 17:41:43.149276', 'medical', FALSE, '00008', 6, 60, 61, 62, 63),
(65, DATE '2020-11-01', TIMESTAMP '2018-11-16 17:41:43.149777', 'medical', FALSE, '00009', 6, 66, 67, 68, 69),
(71, DATE '2020-11-01', TIMESTAMP '2018-11-16 17:41:43.149777', 'medical', FALSE, '00010', 6, 72, 73, 74, 75),
(77, DATE '2020-11-01', TIMESTAMP '2018-11-16 17:19:36.994349', 'lab', FALSE, '00011', 5, 78, 79, 80, 81),
(83, DATE '2020-11-01', TIMESTAMP '2018-11-16 17:19:36.95232', 'lab', FALSE, '00012', 5, 84, 85, 86, 87),
(89, DATE '2020-11-01', TIMESTAMP '2018-11-16 17:19:36.994349', 'lab', FALSE, '00013', 5, 90, 91, 92, 93),
(95, DATE '2020-11-01', TIMESTAMP '2018-11-16 17:19:36.953321', 'lab', FALSE, '00014', 5, 96, 97, 98, 99),
(101, DATE '2020-11-01', TIMESTAMP '2018-11-16 17:19:36.954321', 'lab', FALSE, '00015', 5, 102, 103, 104, 105),
(107, DATE '2020-11-01', TIMESTAMP '2018-11-16 17:19:36.995349', 'lab', FALSE, '00016', 5, 108, 109, 110, 111),
(113, DATE '2020-11-01', TIMESTAMP '2018-11-16 17:19:36.955323', 'lab', FALSE, '00017', 5, 114, 115, 116, 117),
(119, DATE '2020-11-01', TIMESTAMP '2018-11-16 17:19:36.956323', 'lab', FALSE, '00018', 5, 120, 121, 122, 123),
(125, DATE '2020-11-01', TIMESTAMP '2018-11-16 17:19:36.995349', 'lab', FALSE, '00019', 5, 126, 127, 128, 129),
(131, DATE '2020-11-01', TIMESTAMP '2018-11-16 17:19:36.957323', 'lab', FALSE, '00020', 5, 132, 133, 134, 135),
(137, DATE '2020-11-01', TIMESTAMP '2018-11-16 17:19:36.995349', 'lab', FALSE, '00021', 5, 138, 139, 140, 141),
(143, DATE '2020-11-01', TIMESTAMP '2018-11-16 17:19:36.996351', 'lab', FALSE, '00022', 5, 144, 145, 146, 147),
(149, DATE '2020-11-01', TIMESTAMP '2018-11-16 17:19:36.959324', 'lab', FALSE, '00023', 5, 150, 151, 152, 153),
(155, DATE '2020-11-01', TIMESTAMP '2018-11-16 17:19:36.996351', 'lab', FALSE, '00024', 5, 156, 157, 158, 159),
(161, DATE '2020-11-01', TIMESTAMP '2018-11-16 17:19:36.960325', 'lab', FALSE, '00025', 5, 162, 163, 164, 165),
(167, DATE '2020-11-01', TIMESTAMP '2018-11-16 17:19:36.996351', 'lab', FALSE, '00026', 5, 168, 169, 170, 171),
(173, DATE '2020-11-01', TIMESTAMP '2018-11-16 17:19:36.996351', 'lab', FALSE, '00027', 5, 174, 175, 176, 177),
(179, DATE '2020-11-01', TIMESTAMP '2018-11-16 17:19:36.962327', 'lab', FALSE, '00028', 5, 180, 181, 182, 183),
(185, DATE '2020-11-01', TIMESTAMP '2018-11-16 17:19:36.996351', 'lab', FALSE, '00029', 5, 186, 187, 188, 189),
(191, DATE '2020-11-01', TIMESTAMP '2018-11-16 17:19:36.963327', 'lab', FALSE, '00030', 5, 192, 193, 194, 195),
(197, DATE '2020-11-01', TIMESTAMP '2018-11-16 17:19:36.964328', 'lab', FALSE, '00031', 5, 198, 199, 200, 201),
(203, DATE '2020-11-01', TIMESTAMP '2018-11-16 17:19:36.99735', 'lab', FALSE, '00032', 5, 204, 205, 206, 207),
(209, DATE '2020-11-01', TIMESTAMP '2018-11-16 17:19:36.99735', 'lab', FALSE, '00033', 5, 210, 211, 212, 213),
(215, DATE '2020-11-01', TIMESTAMP '2018-11-16 17:19:36.966329', 'lab', FALSE, '00034', 5, 216, 217, 218, 219),
(221, DATE '2020-11-01', TIMESTAMP '2018-11-16 17:19:36.96733', 'lab', FALSE, '00035', 5, 222, 223, 224, 225);     
INSERT INTO PUBLIC.SEXUAL_ASSAULT_KIT(ID, EXPIRATION_DATE, LAST_MODIFIED, LAST_MODIFIED_BY, QUESTIONABLE_EVENTS, SERIAL_NUMBER, ORGANIZATION_ID, LAB_DETAILS_ID, LE_DETAILS_ID, LEGAL_DETAILS_ID, MEDICAL_DETAILS_ID) VALUES
(227, DATE '2020-11-01', TIMESTAMP '2018-11-16 17:19:36.96733', 'lab', FALSE, '00036', 5, 228, 229, 230, 231),
(233, DATE '2020-11-01', TIMESTAMP '2018-11-16 17:19:36.96833', 'lab', FALSE, '00037', 5, 234, 235, 236, 237),
(239, DATE '2020-11-01', TIMESTAMP '2018-11-16 17:19:36.998353', 'lab', FALSE, '00038', 5, 240, 241, 242, 243),
(245, DATE '2020-11-01', TIMESTAMP '2018-11-16 17:19:36.969331', 'lab', FALSE, '00039', 5, 246, 247, 248, 249),
(251, DATE '2020-11-01', TIMESTAMP '2018-11-16 17:19:36.970332', 'lab', FALSE, '00040', 5, 252, 253, 254, 255),
(257, DATE '2020-11-01', TIMESTAMP '2018-11-16 17:19:36.998353', 'lab', FALSE, '00041', 5, 258, 259, 260, 261),
(263, DATE '2020-11-01', TIMESTAMP '2018-11-16 17:19:36.998353', 'lab', FALSE, '00042', 5, 264, 265, 266, 267),
(269, DATE '2020-11-01', TIMESTAMP '2018-11-16 17:19:36.972332', 'lab', FALSE, '00043', 5, 270, 271, 272, 273),
(275, DATE '2020-11-01', TIMESTAMP '2018-11-16 17:19:36.999352', 'lab', FALSE, '00044', 5, 276, 277, 278, 279),
(281, DATE '2020-11-01', TIMESTAMP '2018-11-16 17:19:36.973333', 'lab', FALSE, '00045', 5, 282, 283, 284, 285),
(287, DATE '2020-11-01', TIMESTAMP '2018-11-16 17:19:36.999352', 'lab', FALSE, '00046', 5, 288, 289, 290, 291),
(293, DATE '2020-11-01', TIMESTAMP '2018-11-16 17:19:36.999352', 'lab', FALSE, '00047', 5, 294, 295, 296, 297),
(299, DATE '2020-11-01', TIMESTAMP '2018-11-16 17:19:36.975336', 'lab', FALSE, '00048', 5, 300, 301, 302, 303),
(305, DATE '2020-11-01', TIMESTAMP '2018-11-16 17:19:36.999352', 'lab', FALSE, '00049', 5, 306, 307, 308, 309),
(311, DATE '2020-11-01', TIMESTAMP '2018-11-16 17:19:36.999352', 'lab', FALSE, '00050', 5, 312, 313, 314, 315),
(317, DATE '2020-11-02', TIMESTAMP '2018-11-16 17:19:54.801366', 'lab', FALSE, '00051', 5, 318, 319, 320, 321),
(323, DATE '2020-11-02', TIMESTAMP '2018-11-16 17:19:54.827376', 'lab', FALSE, '00052', 5, 324, 325, 326, 327),
(329, DATE '2020-11-02', TIMESTAMP '2018-11-16 17:19:54.827376', 'lab', FALSE, '00053', 5, 330, 331, 332, 333),
(335, DATE '2020-11-02', TIMESTAMP '2018-11-16 17:19:54.828391', 'lab', FALSE, '00054', 5, 336, 337, 338, 339),
(341, DATE '2020-11-02', TIMESTAMP '2018-11-16 17:19:54.804357', 'lab', FALSE, '00055', 5, 342, 343, 344, 345),
(347, DATE '2020-11-02', TIMESTAMP '2018-11-16 17:19:54.828391', 'lab', FALSE, '00056', 5, 348, 349, 350, 351),
(353, DATE '2020-11-02', TIMESTAMP '2018-11-16 17:19:54.805357', 'lab', FALSE, '00057', 5, 354, 355, 356, 357),
(359, DATE '2020-11-02', TIMESTAMP '2018-11-16 17:19:54.828391', 'lab', FALSE, '00058', 5, 360, 361, 362, 363),
(365, DATE '2020-11-02', TIMESTAMP '2018-11-16 17:19:54.828391', 'lab', FALSE, '00059', 5, 366, 367, 368, 369),
(371, DATE '2020-11-02', TIMESTAMP '2018-11-16 17:19:54.807373', 'lab', FALSE, '00060', 5, 372, 373, 374, 375),
(377, DATE '2020-11-02', TIMESTAMP '2018-11-16 17:19:54.828391', 'lab', FALSE, '00061', 5, 378, 379, 380, 381),
(383, DATE '2020-11-02', TIMESTAMP '2018-11-16 17:19:54.808358', 'lab', FALSE, '00062', 5, 384, 385, 386, 387),
(389, DATE '2020-11-02', TIMESTAMP '2018-11-16 17:19:54.828391', 'lab', FALSE, '00063', 5, 390, 391, 392, 393),
(395, DATE '2020-11-02', TIMESTAMP '2018-11-16 17:19:54.809374', 'lab', FALSE, '00064', 5, 396, 397, 398, 399),
(401, DATE '2020-11-02', TIMESTAMP '2018-11-16 17:19:54.829384', 'lab', FALSE, '00065', 5, 402, 403, 404, 405),
(407, DATE '2020-11-02', TIMESTAMP '2018-11-16 17:19:54.810375', 'lab', FALSE, '00066', 5, 408, 409, 410, 411),
(413, DATE '2020-11-02', TIMESTAMP '2018-11-16 17:19:54.810375', 'lab', FALSE, '00067', 5, 414, 415, 416, 417),
(419, DATE '2020-11-02', TIMESTAMP '2018-11-16 17:19:54.829384', 'lab', FALSE, '00068', 5, 420, 421, 422, 423),
(425, DATE '2020-11-02', TIMESTAMP '2018-11-16 17:19:54.81136', 'lab', FALSE, '00069', 5, 426, 427, 428, 429),
(431, DATE '2020-11-02', TIMESTAMP '2018-11-16 17:19:54.829384', 'lab', FALSE, '00070', 5, 432, 433, 434, 435);  
INSERT INTO PUBLIC.SEXUAL_ASSAULT_KIT(ID, EXPIRATION_DATE, LAST_MODIFIED, LAST_MODIFIED_BY, QUESTIONABLE_EVENTS, SERIAL_NUMBER, ORGANIZATION_ID, LAB_DETAILS_ID, LE_DETAILS_ID, LEGAL_DETAILS_ID, MEDICAL_DETAILS_ID) VALUES
(437, DATE '2020-11-02', TIMESTAMP '2018-11-16 17:19:54.812371', 'lab', FALSE, '00071', 5, 438, 439, 440, 441),
(443, DATE '2020-11-02', TIMESTAMP '2018-11-16 17:19:54.812371', 'lab', FALSE, '00072', 5, 444, 445, 446, 447),
(449, DATE '2020-11-02', TIMESTAMP '2018-11-16 17:19:54.829384', 'lab', FALSE, '00073', 5, 450, 451, 452, 453),
(455, DATE '2020-11-02', TIMESTAMP '2018-11-16 17:19:54.813377', 'lab', FALSE, '00074', 5, 456, 457, 458, 459),
(461, DATE '2020-11-02', TIMESTAMP '2018-11-16 17:19:54.813377', 'lab', FALSE, '00075', 5, 462, 463, 464, 465),
(467, DATE '2020-11-02', TIMESTAMP '2018-11-16 17:19:54.829384', 'lab', FALSE, '00076', 5, 468, 469, 470, 471),
(473, DATE '2020-11-02', TIMESTAMP '2018-11-16 17:19:54.814378', 'lab', FALSE, '00077', 5, 474, 475, 476, 477),
(479, DATE '2020-11-02', TIMESTAMP '2018-11-16 17:19:54.814378', 'lab', FALSE, '00078', 5, 480, 481, 482, 483),
(485, DATE '2020-11-02', TIMESTAMP '2018-11-16 17:19:54.829384', 'lab', FALSE, '00079', 5, 486, 487, 488, 489),
(491, DATE '2020-11-02', TIMESTAMP '2018-11-16 17:19:54.815363', 'lab', FALSE, '00080', 5, 492, 493, 494, 495),
(497, DATE '2020-11-02', TIMESTAMP '2018-11-16 17:19:54.815363', 'lab', FALSE, '00081', 5, 498, 499, 500, 501),
(503, DATE '2020-11-02', TIMESTAMP '2018-11-16 17:19:54.815363', 'lab', FALSE, '00082', 5, 504, 505, 506, 507),
(509, DATE '2020-11-02', TIMESTAMP '2018-11-16 17:19:54.816364', 'lab', FALSE, '00083', 5, 510, 511, 512, 513),
(515, DATE '2020-11-02', TIMESTAMP '2018-11-16 17:19:54.816364', 'lab', FALSE, '00084', 5, 516, 517, 518, 519),
(521, DATE '2020-11-02', TIMESTAMP '2018-11-16 17:19:54.830384', 'lab', FALSE, '00085', 5, 522, 523, 524, 525),
(527, DATE '2020-11-02', TIMESTAMP '2018-11-16 17:19:54.817364', 'lab', FALSE, '00086', 5, 528, 529, 530, 531),
(533, DATE '2020-11-02', TIMESTAMP '2018-11-16 17:19:54.830384', 'lab', FALSE, '00087', 5, 534, 535, 536, 537),
(539, DATE '2020-11-02', TIMESTAMP '2018-11-16 17:19:54.818365', 'lab', FALSE, '00088', 5, 540, 541, 542, 543),
(545, DATE '2020-11-02', TIMESTAMP '2018-11-16 17:19:54.818365', 'lab', FALSE, '00089', 5, 546, 547, 548, 549),
(551, DATE '2020-11-02', TIMESTAMP '2018-11-16 17:19:54.830384', 'lab', FALSE, '00090', 5, 552, 553, 554, 555),
(557, DATE '2020-11-02', TIMESTAMP '2018-11-16 17:19:54.819366', 'lab', FALSE, '00091', 5, 558, 559, 560, 561),
(563, DATE '2020-11-02', TIMESTAMP '2018-11-16 17:19:54.820368', 'lab', FALSE, '00092', 5, 564, 565, 566, 567),
(569, DATE '2020-11-02', TIMESTAMP '2018-11-16 17:19:54.830384', 'lab', FALSE, '00093', 5, 570, 571, 572, 573),
(575, DATE '2020-11-02', TIMESTAMP '2018-11-16 17:19:54.821368', 'lab', FALSE, '00094', 5, 576, 577, 578, 579),
(581, DATE '2020-11-02', TIMESTAMP '2018-11-16 17:19:54.821368', 'lab', FALSE, '00095', 5, 582, 583, 584, 585),
(587, DATE '2020-11-02', TIMESTAMP '2018-11-16 17:19:54.822369', 'lab', FALSE, '00096', 5, 588, 589, 590, 591),
(593, DATE '2020-11-02', TIMESTAMP '2018-11-16 17:19:54.822369', 'lab', FALSE, '00097', 5, 594, 595, 596, 597),
(599, DATE '2020-11-02', TIMESTAMP '2018-11-16 17:19:54.83139', 'lab', FALSE, '00098', 5, 600, 601, 602, 603),
(605, DATE '2020-11-02', TIMESTAMP '2018-11-16 17:19:54.823369', 'lab', FALSE, '00099', 5, 606, 607, 608, 609),
(611, DATE '2020-11-02', TIMESTAMP '2018-11-16 17:19:54.823369', 'lab', FALSE, '00100', 5, 612, 613, 614, 615); 

INSERT INTO PUBLIC.CHAIN_OF_CUSTODY_EVENT(ID, ACTOR, DIGITAL_TIMESTAMP, EVENT_DATE, EVENT_FLAG, EVENT_TYPE, GRABBED_OUT_OF_ORDER, NOTES, ACTOR_ORGANIZATION_ID, FROM_ORGANIZATION_ID, SEXUAL_ASSAULT_KIT_ID, TO_ORGANIZATION_ID, SORT_ORDER) VALUES
(22, 'Lab User', TIMESTAMP '2018-11-16 17:19:36.915304', DATE '2018-11-01', NULL, 'CREATE', FALSE, 'First set of 50 kits.', 5, NULL, 17, 5, 0),
(28, 'Lab User', TIMESTAMP '2018-11-16 17:19:36.915304', DATE '2018-11-01', NULL, 'CREATE', FALSE, 'First set of 50 kits.', 5, NULL, 23, 5, 0),
(34, 'Lab User', TIMESTAMP '2018-11-16 17:19:36.915304', DATE '2018-11-01', NULL, 'CREATE', FALSE, 'First set of 50 kits.', 5, NULL, 29, 5, 0),
(40, 'Lab User', TIMESTAMP '2018-11-16 17:19:36.915304', DATE '2018-11-01', NULL, 'CREATE', FALSE, 'First set of 50 kits.', 5, NULL, 35, 5, 0),
(46, 'Lab User', TIMESTAMP '2018-11-16 17:19:36.915304', DATE '2018-11-01', NULL, 'CREATE', FALSE, 'First set of 50 kits.', 5, NULL, 41, 5, 0),
(52, 'Lab User', TIMESTAMP '2018-11-16 17:19:36.915304', DATE '2018-11-01', NULL, 'CREATE', FALSE, 'First set of 50 kits.', 5, NULL, 47, 5, 0),
(58, 'Lab User', TIMESTAMP '2018-11-16 17:19:36.915304', DATE '2018-11-01', NULL, 'CREATE', FALSE, 'First set of 50 kits.', 5, NULL, 53, 5, 0),
(64, 'Lab User', TIMESTAMP '2018-11-16 17:19:36.915304', DATE '2018-11-01', NULL, 'CREATE', FALSE, 'First set of 50 kits.', 5, NULL, 59, 5, 0),
(70, 'Lab User', TIMESTAMP '2018-11-16 17:19:36.915304', DATE '2018-11-01', NULL, 'CREATE', FALSE, 'First set of 50 kits.', 5, NULL, 65, 5, 0),
(76, 'Lab User', TIMESTAMP '2018-11-16 17:19:36.915304', DATE '2018-11-01', NULL, 'CREATE', FALSE, 'First set of 50 kits.', 5, NULL, 71, 5, 0),
(82, 'Lab User', TIMESTAMP '2018-11-16 17:19:36.915304', DATE '2018-11-01', NULL, 'CREATE', FALSE, 'First set of 50 kits.', 5, NULL, 77, 5, 0),
(88, 'Lab User', TIMESTAMP '2018-11-16 17:19:36.915304', DATE '2018-11-01', NULL, 'CREATE', FALSE, 'First set of 50 kits.', 5, NULL, 83, 5, 0),
(94, 'Lab User', TIMESTAMP '2018-11-16 17:19:36.915304', DATE '2018-11-01', NULL, 'CREATE', FALSE, 'First set of 50 kits.', 5, NULL, 89, 5, 0),
(100, 'Lab User', TIMESTAMP '2018-11-16 17:19:36.915304', DATE '2018-11-01', NULL, 'CREATE', FALSE, 'First set of 50 kits.', 5, NULL, 95, 5, 0),
(106, 'Lab User', TIMESTAMP '2018-11-16 17:19:36.915304', DATE '2018-11-01', NULL, 'CREATE', FALSE, 'First set of 50 kits.', 5, NULL, 101, 5, 0),
(112, 'Lab User', TIMESTAMP '2018-11-16 17:19:36.915304', DATE '2018-11-01', NULL, 'CREATE', FALSE, 'First set of 50 kits.', 5, NULL, 107, 5, 0),
(118, 'Lab User', TIMESTAMP '2018-11-16 17:19:36.915304', DATE '2018-11-01', NULL, 'CREATE', FALSE, 'First set of 50 kits.', 5, NULL, 113, 5, 0),
(124, 'Lab User', TIMESTAMP '2018-11-16 17:19:36.915304', DATE '2018-11-01', NULL, 'CREATE', FALSE, 'First set of 50 kits.', 5, NULL, 119, 5, 0),
(130, 'Lab User', TIMESTAMP '2018-11-16 17:19:36.915304', DATE '2018-11-01', NULL, 'CREATE', FALSE, 'First set of 50 kits.', 5, NULL, 125, 5, 0),
(136, 'Lab User', TIMESTAMP '2018-11-16 17:19:36.915304', DATE '2018-11-01', NULL, 'CREATE', FALSE, 'First set of 50 kits.', 5, NULL, 131, 5, 0),
(142, 'Lab User', TIMESTAMP '2018-11-16 17:19:36.915304', DATE '2018-11-01', NULL, 'CREATE', FALSE, 'First set of 50 kits.', 5, NULL, 137, 5, 0),
(148, 'Lab User', TIMESTAMP '2018-11-16 17:19:36.915304', DATE '2018-11-01', NULL, 'CREATE', FALSE, 'First set of 50 kits.', 5, NULL, 143, 5, 0),
(154, 'Lab User', TIMESTAMP '2018-11-16 17:19:36.915304', DATE '2018-11-01', NULL, 'CREATE', FALSE, 'First set of 50 kits.', 5, NULL, 149, 5, 0),
(160, 'Lab User', TIMESTAMP '2018-11-16 17:19:36.915304', DATE '2018-11-01', NULL, 'CREATE', FALSE, 'First set of 50 kits.', 5, NULL, 155, 5, 0),
(166, 'Lab User', TIMESTAMP '2018-11-16 17:19:36.915304', DATE '2018-11-01', NULL, 'CREATE', FALSE, 'First set of 50 kits.', 5, NULL, 161, 5, 0),
(172, 'Lab User', TIMESTAMP '2018-11-16 17:19:36.915304', DATE '2018-11-01', NULL, 'CREATE', FALSE, 'First set of 50 kits.', 5, NULL, 167, 5, 0),
(178, 'Lab User', TIMESTAMP '2018-11-16 17:19:36.915304', DATE '2018-11-01', NULL, 'CREATE', FALSE, 'First set of 50 kits.', 5, NULL, 173, 5, 0);     
INSERT INTO PUBLIC.CHAIN_OF_CUSTODY_EVENT(ID, ACTOR, DIGITAL_TIMESTAMP, EVENT_DATE, EVENT_FLAG, EVENT_TYPE, GRABBED_OUT_OF_ORDER, NOTES, ACTOR_ORGANIZATION_ID, FROM_ORGANIZATION_ID, SEXUAL_ASSAULT_KIT_ID, TO_ORGANIZATION_ID, SORT_ORDER) VALUES
(184, 'Lab User', TIMESTAMP '2018-11-16 17:19:36.915304', DATE '2018-11-01', NULL, 'CREATE', FALSE, 'First set of 50 kits.', 5, NULL, 179, 5, 0),
(190, 'Lab User', TIMESTAMP '2018-11-16 17:19:36.915304', DATE '2018-11-01', NULL, 'CREATE', FALSE, 'First set of 50 kits.', 5, NULL, 185, 5, 0),
(196, 'Lab User', TIMESTAMP '2018-11-16 17:19:36.915304', DATE '2018-11-01', NULL, 'CREATE', FALSE, 'First set of 50 kits.', 5, NULL, 191, 5, 0),
(202, 'Lab User', TIMESTAMP '2018-11-16 17:19:36.915304', DATE '2018-11-01', NULL, 'CREATE', FALSE, 'First set of 50 kits.', 5, NULL, 197, 5, 0),
(208, 'Lab User', TIMESTAMP '2018-11-16 17:19:36.915304', DATE '2018-11-01', NULL, 'CREATE', FALSE, 'First set of 50 kits.', 5, NULL, 203, 5, 0),
(214, 'Lab User', TIMESTAMP '2018-11-16 17:19:36.915304', DATE '2018-11-01', NULL, 'CREATE', FALSE, 'First set of 50 kits.', 5, NULL, 209, 5, 0),
(220, 'Lab User', TIMESTAMP '2018-11-16 17:19:36.915304', DATE '2018-11-01', NULL, 'CREATE', FALSE, 'First set of 50 kits.', 5, NULL, 215, 5, 0),
(226, 'Lab User', TIMESTAMP '2018-11-16 17:19:36.915304', DATE '2018-11-01', NULL, 'CREATE', FALSE, 'First set of 50 kits.', 5, NULL, 221, 5, 0),
(232, 'Lab User', TIMESTAMP '2018-11-16 17:19:36.915304', DATE '2018-11-01', NULL, 'CREATE', FALSE, 'First set of 50 kits.', 5, NULL, 227, 5, 0),
(238, 'Lab User', TIMESTAMP '2018-11-16 17:19:36.915304', DATE '2018-11-01', NULL, 'CREATE', FALSE, 'First set of 50 kits.', 5, NULL, 233, 5, 0),
(244, 'Lab User', TIMESTAMP '2018-11-16 17:19:36.915304', DATE '2018-11-01', NULL, 'CREATE', FALSE, 'First set of 50 kits.', 5, NULL, 239, 5, 0),
(250, 'Lab User', TIMESTAMP '2018-11-16 17:19:36.915304', DATE '2018-11-01', NULL, 'CREATE', FALSE, 'First set of 50 kits.', 5, NULL, 245, 5, 0),
(256, 'Lab User', TIMESTAMP '2018-11-16 17:19:36.915304', DATE '2018-11-01', NULL, 'CREATE', FALSE, 'First set of 50 kits.', 5, NULL, 251, 5, 0),
(262, 'Lab User', TIMESTAMP '2018-11-16 17:19:36.915304', DATE '2018-11-01', NULL, 'CREATE', FALSE, 'First set of 50 kits.', 5, NULL, 257, 5, 0),
(268, 'Lab User', TIMESTAMP '2018-11-16 17:19:36.915304', DATE '2018-11-01', NULL, 'CREATE', FALSE, 'First set of 50 kits.', 5, NULL, 263, 5, 0),
(274, 'Lab User', TIMESTAMP '2018-11-16 17:19:36.915304', DATE '2018-11-01', NULL, 'CREATE', FALSE, 'First set of 50 kits.', 5, NULL, 269, 5, 0),
(280, 'Lab User', TIMESTAMP '2018-11-16 17:19:36.915304', DATE '2018-11-01', NULL, 'CREATE', FALSE, 'First set of 50 kits.', 5, NULL, 275, 5, 0),
(286, 'Lab User', TIMESTAMP '2018-11-16 17:19:36.915304', DATE '2018-11-01', NULL, 'CREATE', FALSE, 'First set of 50 kits.', 5, NULL, 281, 5, 0),
(292, 'Lab User', TIMESTAMP '2018-11-16 17:19:36.915304', DATE '2018-11-01', NULL, 'CREATE', FALSE, 'First set of 50 kits.', 5, NULL, 287, 5, 0),
(298, 'Lab User', TIMESTAMP '2018-11-16 17:19:36.915304', DATE '2018-11-01', NULL, 'CREATE', FALSE, 'First set of 50 kits.', 5, NULL, 293, 5, 0),
(304, 'Lab User', TIMESTAMP '2018-11-16 17:19:36.915304', DATE '2018-11-01', NULL, 'CREATE', FALSE, 'First set of 50 kits.', 5, NULL, 299, 5, 0),
(310, 'Lab User', TIMESTAMP '2018-11-16 17:19:36.915304', DATE '2018-11-01', NULL, 'CREATE', FALSE, 'First set of 50 kits.', 5, NULL, 305, 5, 0),
(316, 'Lab User', TIMESTAMP '2018-11-16 17:19:36.915304', DATE '2018-11-01', NULL, 'CREATE', FALSE, 'First set of 50 kits.', 5, NULL, 311, 5, 0),
(322, 'Lab User', TIMESTAMP '2018-11-16 17:19:54.800365', DATE '2018-11-02', NULL, 'CREATE', FALSE, 'Second set of 50 kits.', 5, NULL, 317, 5, 0),
(328, 'Lab User', TIMESTAMP '2018-11-16 17:19:54.800365', DATE '2018-11-02', NULL, 'CREATE', FALSE, 'Second set of 50 kits.', 5, NULL, 323, 5, 0),
(334, 'Lab User', TIMESTAMP '2018-11-16 17:19:54.800365', DATE '2018-11-02', NULL, 'CREATE', FALSE, 'Second set of 50 kits.', 5, NULL, 329, 5, 0),
(340, 'Lab User', TIMESTAMP '2018-11-16 17:19:54.800365', DATE '2018-11-02', NULL, 'CREATE', FALSE, 'Second set of 50 kits.', 5, NULL, 335, 5, 0);      
INSERT INTO PUBLIC.CHAIN_OF_CUSTODY_EVENT(ID, ACTOR, DIGITAL_TIMESTAMP, EVENT_DATE, EVENT_FLAG, EVENT_TYPE, GRABBED_OUT_OF_ORDER, NOTES, ACTOR_ORGANIZATION_ID, FROM_ORGANIZATION_ID, SEXUAL_ASSAULT_KIT_ID, TO_ORGANIZATION_ID, SORT_ORDER) VALUES
(346, 'Lab User', TIMESTAMP '2018-11-16 17:19:54.800365', DATE '2018-11-02', NULL, 'CREATE', FALSE, 'Second set of 50 kits.', 5, NULL, 341, 5, 0),
(352, 'Lab User', TIMESTAMP '2018-11-16 17:19:54.800365', DATE '2018-11-02', NULL, 'CREATE', FALSE, 'Second set of 50 kits.', 5, NULL, 347, 5, 0),
(358, 'Lab User', TIMESTAMP '2018-11-16 17:19:54.800365', DATE '2018-11-02', NULL, 'CREATE', FALSE, 'Second set of 50 kits.', 5, NULL, 353, 5, 0),
(364, 'Lab User', TIMESTAMP '2018-11-16 17:19:54.800365', DATE '2018-11-02', NULL, 'CREATE', FALSE, 'Second set of 50 kits.', 5, NULL, 359, 5, 0),
(370, 'Lab User', TIMESTAMP '2018-11-16 17:19:54.800365', DATE '2018-11-02', NULL, 'CREATE', FALSE, 'Second set of 50 kits.', 5, NULL, 365, 5, 0),
(376, 'Lab User', TIMESTAMP '2018-11-16 17:19:54.800365', DATE '2018-11-02', NULL, 'CREATE', FALSE, 'Second set of 50 kits.', 5, NULL, 371, 5, 0),
(382, 'Lab User', TIMESTAMP '2018-11-16 17:19:54.800365', DATE '2018-11-02', NULL, 'CREATE', FALSE, 'Second set of 50 kits.', 5, NULL, 377, 5, 0),
(388, 'Lab User', TIMESTAMP '2018-11-16 17:19:54.800365', DATE '2018-11-02', NULL, 'CREATE', FALSE, 'Second set of 50 kits.', 5, NULL, 383, 5, 0),
(394, 'Lab User', TIMESTAMP '2018-11-16 17:19:54.800365', DATE '2018-11-02', NULL, 'CREATE', FALSE, 'Second set of 50 kits.', 5, NULL, 389, 5, 0),
(400, 'Lab User', TIMESTAMP '2018-11-16 17:19:54.800365', DATE '2018-11-02', NULL, 'CREATE', FALSE, 'Second set of 50 kits.', 5, NULL, 395, 5, 0),
(406, 'Lab User', TIMESTAMP '2018-11-16 17:19:54.800365', DATE '2018-11-02', NULL, 'CREATE', FALSE, 'Second set of 50 kits.', 5, NULL, 401, 5, 0),
(412, 'Lab User', TIMESTAMP '2018-11-16 17:19:54.800365', DATE '2018-11-02', NULL, 'CREATE', FALSE, 'Second set of 50 kits.', 5, NULL, 407, 5, 0),
(418, 'Lab User', TIMESTAMP '2018-11-16 17:19:54.800365', DATE '2018-11-02', NULL, 'CREATE', FALSE, 'Second set of 50 kits.', 5, NULL, 413, 5, 0),
(424, 'Lab User', TIMESTAMP '2018-11-16 17:19:54.800365', DATE '2018-11-02', NULL, 'CREATE', FALSE, 'Second set of 50 kits.', 5, NULL, 419, 5, 0),
(430, 'Lab User', TIMESTAMP '2018-11-16 17:19:54.800365', DATE '2018-11-02', NULL, 'CREATE', FALSE, 'Second set of 50 kits.', 5, NULL, 425, 5, 0),
(436, 'Lab User', TIMESTAMP '2018-11-16 17:19:54.800365', DATE '2018-11-02', NULL, 'CREATE', FALSE, 'Second set of 50 kits.', 5, NULL, 431, 5, 0),
(442, 'Lab User', TIMESTAMP '2018-11-16 17:19:54.800365', DATE '2018-11-02', NULL, 'CREATE', FALSE, 'Second set of 50 kits.', 5, NULL, 437, 5, 0),
(448, 'Lab User', TIMESTAMP '2018-11-16 17:19:54.800365', DATE '2018-11-02', NULL, 'CREATE', FALSE, 'Second set of 50 kits.', 5, NULL, 443, 5, 0),
(454, 'Lab User', TIMESTAMP '2018-11-16 17:19:54.800365', DATE '2018-11-02', NULL, 'CREATE', FALSE, 'Second set of 50 kits.', 5, NULL, 449, 5, 0),
(460, 'Lab User', TIMESTAMP '2018-11-16 17:19:54.800365', DATE '2018-11-02', NULL, 'CREATE', FALSE, 'Second set of 50 kits.', 5, NULL, 455, 5, 0),
(466, 'Lab User', TIMESTAMP '2018-11-16 17:19:54.800365', DATE '2018-11-02', NULL, 'CREATE', FALSE, 'Second set of 50 kits.', 5, NULL, 461, 5, 0),
(472, 'Lab User', TIMESTAMP '2018-11-16 17:19:54.800365', DATE '2018-11-02', NULL, 'CREATE', FALSE, 'Second set of 50 kits.', 5, NULL, 467, 5, 0),
(478, 'Lab User', TIMESTAMP '2018-11-16 17:19:54.800365', DATE '2018-11-02', NULL, 'CREATE', FALSE, 'Second set of 50 kits.', 5, NULL, 473, 5, 0),
(484, 'Lab User', TIMESTAMP '2018-11-16 17:19:54.800365', DATE '2018-11-02', NULL, 'CREATE', FALSE, 'Second set of 50 kits.', 5, NULL, 479, 5, 0),
(490, 'Lab User', TIMESTAMP '2018-11-16 17:19:54.800365', DATE '2018-11-02', NULL, 'CREATE', FALSE, 'Second set of 50 kits.', 5, NULL, 485, 5, 0),
(496, 'Lab User', TIMESTAMP '2018-11-16 17:19:54.801366', DATE '2018-11-02', NULL, 'CREATE', FALSE, 'Second set of 50 kits.', 5, NULL, 491, 5, 0),
(502, 'Lab User', TIMESTAMP '2018-11-16 17:19:54.801366', DATE '2018-11-02', NULL, 'CREATE', FALSE, 'Second set of 50 kits.', 5, NULL, 497, 5, 0);               
INSERT INTO PUBLIC.CHAIN_OF_CUSTODY_EVENT(ID, ACTOR, DIGITAL_TIMESTAMP, EVENT_DATE, EVENT_FLAG, EVENT_TYPE, GRABBED_OUT_OF_ORDER, NOTES, ACTOR_ORGANIZATION_ID, FROM_ORGANIZATION_ID, SEXUAL_ASSAULT_KIT_ID, TO_ORGANIZATION_ID, SORT_ORDER) VALUES
(508, 'Lab User', TIMESTAMP '2018-11-16 17:19:54.801366', DATE '2018-11-02', NULL, 'CREATE', FALSE, 'Second set of 50 kits.', 5, NULL, 503, 5, 0),
(514, 'Lab User', TIMESTAMP '2018-11-16 17:19:54.801366', DATE '2018-11-02', NULL, 'CREATE', FALSE, 'Second set of 50 kits.', 5, NULL, 509, 5, 0),
(520, 'Lab User', TIMESTAMP '2018-11-16 17:19:54.801366', DATE '2018-11-02', NULL, 'CREATE', FALSE, 'Second set of 50 kits.', 5, NULL, 515, 5, 0),
(526, 'Lab User', TIMESTAMP '2018-11-16 17:19:54.801366', DATE '2018-11-02', NULL, 'CREATE', FALSE, 'Second set of 50 kits.', 5, NULL, 521, 5, 0),
(532, 'Lab User', TIMESTAMP '2018-11-16 17:19:54.801366', DATE '2018-11-02', NULL, 'CREATE', FALSE, 'Second set of 50 kits.', 5, NULL, 527, 5, 0),
(538, 'Lab User', TIMESTAMP '2018-11-16 17:19:54.801366', DATE '2018-11-02', NULL, 'CREATE', FALSE, 'Second set of 50 kits.', 5, NULL, 533, 5, 0),
(544, 'Lab User', TIMESTAMP '2018-11-16 17:19:54.801366', DATE '2018-11-02', NULL, 'CREATE', FALSE, 'Second set of 50 kits.', 5, NULL, 539, 5, 0),
(550, 'Lab User', TIMESTAMP '2018-11-16 17:19:54.801366', DATE '2018-11-02', NULL, 'CREATE', FALSE, 'Second set of 50 kits.', 5, NULL, 545, 5, 0),
(556, 'Lab User', TIMESTAMP '2018-11-16 17:19:54.801366', DATE '2018-11-02', NULL, 'CREATE', FALSE, 'Second set of 50 kits.', 5, NULL, 551, 5, 0),
(562, 'Lab User', TIMESTAMP '2018-11-16 17:19:54.801366', DATE '2018-11-02', NULL, 'CREATE', FALSE, 'Second set of 50 kits.', 5, NULL, 557, 5, 0),
(568, 'Lab User', TIMESTAMP '2018-11-16 17:19:54.801366', DATE '2018-11-02', NULL, 'CREATE', FALSE, 'Second set of 50 kits.', 5, NULL, 563, 5, 0),
(574, 'Lab User', TIMESTAMP '2018-11-16 17:19:54.801366', DATE '2018-11-02', NULL, 'CREATE', FALSE, 'Second set of 50 kits.', 5, NULL, 569, 5, 0),
(580, 'Lab User', TIMESTAMP '2018-11-16 17:19:54.801366', DATE '2018-11-02', NULL, 'CREATE', FALSE, 'Second set of 50 kits.', 5, NULL, 575, 5, 0),
(586, 'Lab User', TIMESTAMP '2018-11-16 17:19:54.801366', DATE '2018-11-02', NULL, 'CREATE', FALSE, 'Second set of 50 kits.', 5, NULL, 581, 5, 0),
(592, 'Lab User', TIMESTAMP '2018-11-16 17:19:54.801366', DATE '2018-11-02', NULL, 'CREATE', FALSE, 'Second set of 50 kits.', 5, NULL, 587, 5, 0),
(598, 'Lab User', TIMESTAMP '2018-11-16 17:19:54.801366', DATE '2018-11-02', NULL, 'CREATE', FALSE, 'Second set of 50 kits.', 5, NULL, 593, 5, 0),
(604, 'Lab User', TIMESTAMP '2018-11-16 17:19:54.801366', DATE '2018-11-02', NULL, 'CREATE', FALSE, 'Second set of 50 kits.', 5, NULL, 599, 5, 0),
(610, 'Lab User', TIMESTAMP '2018-11-16 17:19:54.801366', DATE '2018-11-02', NULL, 'CREATE', FALSE, 'Second set of 50 kits.', 5, NULL, 605, 5, 0),
(616, 'Lab User', TIMESTAMP '2018-11-16 17:19:54.801366', DATE '2018-11-02', NULL, 'CREATE', FALSE, 'Second set of 50 kits.', 5, NULL, 611, 5, 0),
(617, 'Lab User', TIMESTAMP '2018-11-16 17:20:38.718841', DATE '2018-11-02', 'NEW_KIT_SENT_FROM_LAB', 'SEND', FALSE, 'Sending kits 1-10 to hospital.', 5, 5, 17, 6, 1),
(618, 'Lab User', TIMESTAMP '2018-11-16 17:20:38.720843', DATE '2018-11-02', 'NEW_KIT_SENT_FROM_LAB', 'SEND', FALSE, 'Sending kits 1-10 to hospital.', 5, 5, 23, 6, 1),
(619, 'Lab User', TIMESTAMP '2018-11-16 17:20:38.722844', DATE '2018-11-02', 'NEW_KIT_SENT_FROM_LAB', 'SEND', FALSE, 'Sending kits 1-10 to hospital.', 5, 5, 29, 6, 1),
(620, 'Lab User', TIMESTAMP '2018-11-16 17:20:38.723845', DATE '2018-11-02', 'NEW_KIT_SENT_FROM_LAB', 'SEND', FALSE, 'Sending kits 1-10 to hospital.', 5, 5, 35, 6, 1),
(621, 'Lab User', TIMESTAMP '2018-11-16 17:20:38.724845', DATE '2018-11-02', 'NEW_KIT_SENT_FROM_LAB', 'SEND', FALSE, 'Sending kits 1-10 to hospital.', 5, 5, 41, 6, 1),
(622, 'Lab User', TIMESTAMP '2018-11-16 17:20:38.725847', DATE '2018-11-02', 'NEW_KIT_SENT_FROM_LAB', 'SEND', FALSE, 'Sending kits 1-10 to hospital.', 5, 5, 47, 6, 1),
(623, 'Lab User', TIMESTAMP '2018-11-16 17:20:38.726847', DATE '2018-11-02', 'NEW_KIT_SENT_FROM_LAB', 'SEND', FALSE, 'Sending kits 1-10 to hospital.', 5, 5, 53, 6, 1);
INSERT INTO PUBLIC.CHAIN_OF_CUSTODY_EVENT(ID, ACTOR, DIGITAL_TIMESTAMP, EVENT_DATE, EVENT_FLAG, EVENT_TYPE, GRABBED_OUT_OF_ORDER, NOTES, ACTOR_ORGANIZATION_ID, FROM_ORGANIZATION_ID, SEXUAL_ASSAULT_KIT_ID, TO_ORGANIZATION_ID, SORT_ORDER) VALUES
(624, 'Lab User', TIMESTAMP '2018-11-16 17:20:38.727848', DATE '2018-11-02', 'NEW_KIT_SENT_FROM_LAB', 'SEND', FALSE, 'Sending kits 1-10 to hospital.', 5, 5, 59, 6, 1),
(625, 'Lab User', TIMESTAMP '2018-11-16 17:20:38.728848', DATE '2018-11-02', 'NEW_KIT_SENT_FROM_LAB', 'SEND', FALSE, 'Sending kits 1-10 to hospital.', 5, 5, 65, 6, 1),
(626, 'Lab User', TIMESTAMP '2018-11-16 17:20:38.729849', DATE '2018-11-02', 'NEW_KIT_SENT_FROM_LAB', 'SEND', FALSE, 'Sending kits 1-10 to hospital.', 5, 5, 71, 6, 1),
(632, 'Medical User', TIMESTAMP '2018-11-16 17:41:43.06021', DATE '2018-11-05', NULL, 'RECEIVE', FALSE, NULL, 6, 5, 17, 6, 2),
(633, 'Medical User', TIMESTAMP '2018-11-16 17:41:43.064214', DATE '2018-11-05', NULL, 'RECEIVE', FALSE, NULL, 6, 5, 23, 6, 2),
(634, 'Medical User', TIMESTAMP '2018-11-16 17:41:43.069217', DATE '2018-11-05', NULL, 'RECEIVE', FALSE, NULL, 6, 5, 29, 6, 2),
(635, 'Medical User', TIMESTAMP '2018-11-16 17:41:43.07322', DATE '2018-11-05', NULL, 'RECEIVE', FALSE, NULL, 6, 5, 35, 6, 2),
(636, 'Medical User', TIMESTAMP '2018-11-16 17:41:43.078724', DATE '2018-11-05', NULL, 'RECEIVE', FALSE, NULL, 6, 5, 41, 6, 2),
(637, 'Medical User', TIMESTAMP '2018-11-16 17:41:43.083227', DATE '2018-11-05', NULL, 'RECEIVE', FALSE, NULL, 6, 5, 47, 6, 2),
(638, 'Medical User', TIMESTAMP '2018-11-16 17:41:43.086729', DATE '2018-11-05', NULL, 'RECEIVE', FALSE, NULL, 6, 5, 53, 6, 2),
(639, 'Medical User', TIMESTAMP '2018-11-16 17:41:43.091234', DATE '2018-11-05', NULL, 'RECEIVE', FALSE, NULL, 6, 5, 59, 6, 2),
(640, 'Medical User', TIMESTAMP '2018-11-16 17:41:43.095737', DATE '2018-11-05', NULL, 'RECEIVE', FALSE, NULL, 6, 5, 65, 6, 2),
(641, 'Medical User', TIMESTAMP '2018-11-16 17:41:43.10024', DATE '2018-11-05', NULL, 'RECEIVE', FALSE, NULL, 6, 5, 71, 6, 2),
(642, 'Medical User', TIMESTAMP '2018-11-16 17:42:06.216001', DATE '2018-11-06', 'MEDICAL_SENT_TO_LE', 'SEND', FALSE, NULL, 6, 6, 17, 3, 3),
(644, 'Law User', TIMESTAMP '2018-11-16 17:42:50.38637', DATE '2018-11-06', 'LE_RECEIVED_COLLECTED_KIT', 'RECEIVE', FALSE, NULL, 3, 6, 17, 3, 4),
(645, 'Law User', TIMESTAMP '2018-11-16 17:43:35.050903', DATE '2018-11-07', 'LE_SENT_FOR_ANALYSIS', 'SEND', FALSE, NULL, 3, 3, 17, 5, 5),
(647, 'Lab User', TIMESTAMP '2018-11-16 17:44:34.703514', DATE '2018-11-08', 'LAB_RECEIVED', 'RECEIVE', FALSE, 'Kit number one received from Sgt. Columbo with PPD.', 5, 3, 17, 5, 6);    

alter sequence HIBERNATE_SEQUENCE restart with 1000;